Avg. Area Income,Avg. Area House Age,Avg. Area Number of Rooms,Avg. Area Number of Bedrooms,Area Population,Price
72450.71,31.19,4.82,4.3,22048,185840.99
62926.04,27.4,5.36,4.3,34532,217174.37
74715.33,20.48,4.71,3.4,35270,148540.81
87845.45,14.82,5.19,2.7,42089,247311.88
61487.7,25.59,3.61,1.8,14497,178356.88
61487.95,23.15,5.71,4.9,43889,211234.87
88688.19,27.16,5.5,3.8,1000,289382.95
76511.52,25.08,4.68,4.0,25552,229002.44
57957.88,28.4,6.16,4.1,27676,241955.06
73138.4,15.72,6.44,5.2,44500,311172.6
58048.73,30.54,3.89,2.4,35339,218425.14
58014.05,21.58,4.74,2.6,13917,241839.95
68629.43,36.6,4.73,3.9,20225,186301.4
36300.8,14.49,4.56,3.8,37980,204212.78
39126.23,33.89,6.33,5.1,33814,266881.95
56565.69,21.58,5.31,3.3,26313,221272.6
49807.53,14.79,5.24,4.5,27787,165727.98
69713.71,16.13,3.5,3.4,45443,249694.54
51379.64,17.44,6.14,4.9,27235,296246.81
43815.44,23.39,4.26,2.5,33679,198688.81
86984.73,24.18,5.56,3.5,67549,260165.28
61613.36,15.41,5.78,4.5,13645,248491.86
66012.92,19.81,6.86,5.6,7222,316511.74
43628.78,37.14,4.19,2.1,46754,89070.88
56834.26,33.82,2.48,1.9,24820,166999.47
66663.84,23.49,5.68,4.4,30226,210852.61
47735.1,20.3,7.3,5.7,23283,299787.65
70635.47,20.96,6.74,5.0,31103,301717.39
55990.42,24.91,5.71,4.5,58978,309884.65
60624.59,11.82,5.01,3.5,47032,250253.8
55974.4,17.94,6.31,6.0,47933,251614.38
92784.17,6.65,4.53,3.4,13757,292404.48
64797.54,23.19,5.98,4.2,17733,302882.88
49134.34,25.18,6.01,5.0,1000,286296.07
77338.17,16.13,6.56,5.0,22859,349858.23
46687.35,32.59,8.26,6.0,49351,462514.95
68132.95,10.19,5.89,4.6,42754,386352.15
35604.95,8.29,4.99,3.4,31677,219362.42
45077.21,21.8,5.47,4.5,34665,312075.17
67952.92,28.38,3.73,2.3,24667,167971.91
76077.0,33.47,4.81,3.0,38071,219915.57
67570.52,16.33,5.09,3.5,46488,179107.17
63265.28,28.63,4.98,3.8,10762,204777.01
60483.44,19.69,5.65,4.0,39495,232815.44
42822.17,18.62,4.68,2.8,48987,247508.7
54202.34,27.07,6.62,6.0,28773,338894.25
58090.42,25.22,5.5,3.4,45511,163571.91
80856.83,7.39,5.49,4.2,77220,290854.9
70154.27,31.81,5.17,3.5,33435,264244.85
38554.4,31.04,5.66,3.6,40900,228867.19
69861.26,15.0,6.33,5.5,23929,338777.75
59223.77,23.17,4.63,3.5,37719,220896.26
54846.17,23.95,4.84,3.5,41904,228500.36
74175.14,22.09,5.2,4.1,37923,230835.13
80464.99,15.6,4.15,1.8,19705,153958.06
78969.2,14.63,4.68,3.6,38095,187422.18
52411.74,19.8,5.02,3.8,56933,261388.74
60361.81,29.38,6.37,4.8,41730,283015.62
69968.95,24.35,5.76,4.9,49430,259823.64
79633.18,17.04,5.69,4.4,31445,260688.16
57812.39,26.17,6.35,4.7,46249,274958.73
62215.12,1.0,5.36,4.0,39189,330591.32
48404.98,29.19,5.89,4.4,20736,239328.35
47056.9,6.08,5.4,4.2,39778,222126.6
77187.89,17.1,5.77,5.0,20125,308982.06
85343.6,11.04,4.92,3.3,25507,243735.48
63919.85,9.64,3.06,1.0,37840,157989.83
80052.99,29.29,5.37,3.9,39459,301977.71
70424.54,16.26,6.92,5.3,17162,335641.72
55323.2,22.77,6.43,4.6,50810,309011.99
70420.93,19.62,6.47,5.6,43580,262347.95
88070.55,23.82,6.74,4.4,24429,309251.18
64462.61,20.61,5.59,4.0,11936,283117.18
88469.65,9.74,5.7,3.4,32826,233002.25
25703.82,27.97,4.88,3.7,28311,206753.17
77328.54,16.05,5.18,2.8,36697,257996.38
66305.71,7.55,6.12,4.2,29553,315192.4
60514.89,16.58,6.7,4.9,4888,362173.7
66376.41,32.01,5.36,3.7,29175,240223.47
35186.47,26.8,5.05,3.7,30416,271607.38
61704.92,17.21,5.5,3.4,44505,223823.22
70356.69,17.21,6.1,4.5,24527,299645.15
87168.41,17.43,4.06,3.5,60180,203500.63
57225.95,36.61,3.2,2.3,6325,61993.13
52872.6,23.06,4.95,3.5,54668,260942.52
57473.64,23.44,4.28,2.6,31635,280476.26
78731.03,28.24,4.99,3.5,47894,220836.9
69931.27,21.91,5.35,3.2,36197,268590.28
57053.6,17.93,5.05,4.5,52093,242188.41
72699.01,18.43,6.95,5.4,29190,306950.25
66456.16,19.43,5.83,5.2,18521,201441.37
79529.67,19.7,5.8,3.9,56308,251877.99
54469.2,25.82,6.12,4.7,33298,218460.49
60085.07,20.42,4.36,2.7,38323,267249.15
59118.38,25.86,6.54,5.5,53521,293716.6
43047.28,19.35,5.42,3.3,19521,233532.73
69441.8,20.63,6.17,4.1,43932,328057.8
68915.83,4.01,4.43,2.6,26152,191798.21
65076.7,27.33,3.95,2.5,33017,134801.01
61481.19,22.77,6.32,4.5,36084,295126.33
43769.44,27.98,5.88,4.7,12497,293383.57
58690.32,1.0,4.6,2.7,23317,267903.66
59859.28,36.71,4.63,2.3,55266,191520.25
52965.84,18.88,6.63,4.6,48293,317348.92
62580.71,28.87,4.31,3.2,34060,195988.17
71060.76,11.68,7.14,5.5,38647,367021.17
93292.79,24.9,4.6,3.7,30586,170012.16
67618.67,11.57,6.14,4.4,55349,311437.89
68863.26,15.01,5.17,3.4,31995,209460.28
63883.31,35.31,6.1,5.5,38478,260790.93
36218.43,18.47,4.96,4.0,52190,207703.88
64602.29,21.74,5.34,4.0,23339,346671.32
65903.45,26.96,5.54,4.2,58382,247138.32
101948.63,23.97,4.5,3.6,12043,152579.03
62114.59,21.2,6.24,4.5,59445,288846.15
69523.21,22.92,4.99,3.4,29410,248072.25
64479.32,39.23,5.27,3.9,31360,274529.66
47469.83,19.54,4.51,3.4,6650,177532.27
82142.34,21.61,2.94,1.0,28178,67829.12
76279.0,28.41,5.31,3.0,19403,266135.61
76865.48,28.84,7.91,6.0,25885,308366.58
51359.19,29.5,6.28,5.1,32940,256493.3
86041.91,25.11,5.48,3.7,49367,244261.74
43972.23,10.86,5.24,3.9,38114,254361.27
73802.86,33.07,5.52,4.1,39615,263657.34
97856.83,10.83,6.05,4.2,18567,284565.88
50141.96,22.42,4.32,3.8,21789,177389.48
56505.53,13.97,6.61,4.5,61981,325363.43
66494.77,19.49,6.22,4.7,23972,300124.83
57447.87,22.63,6.22,4.9,59843,292780.85
41740.05,22.57,5.94,4.5,31354,284879.73
66028.44,23.38,5.52,4.0,35034,286295.65
49065.44,32.91,6.17,5.5,51055,278354.23
72103.89,23.63,6.09,3.8,54078,302516.58
51208.64,18.05,5.15,3.6,33338,176611.92
88249.02,27.71,4.93,3.2,29176,222295.96
53251.2,29.52,5.6,3.6,34161,259633.07
60169.08,10.18,7.05,6.0,40069,383308.04
77202.76,24.78,4.26,2.5,48370,163790.0
46537.04,25.61,4.03,2.7,35063,141510.86
68411.9,17.62,5.66,3.7,44283,249986.93
84607.14,31.01,5.55,5.1,59575,268329.31
40887.75,18.8,5.67,4.2,40720,303761.5
67769.51,21.0,5.74,4.5,39675,253188.36
68898.24,18.62,5.28,3.6,12216,284818.64
76727.34,20.12,6.99,5.3,1000,337301.3
46445.74,11.23,3.9,2.8,40826,185540.06
45193.15,8.48,4.67,3.5,33578,225076.3
72829.12,32.76,5.4,4.0,27278,258766.2
69454.77,13.22,3.86,2.8,38653,204116.78
68757.39,12.07,5.32,3.4,34094,357139.19
70196.72,2.77,7.16,5.8,51917,344689.45
54799.63,14.89,5.52,5.5,36292,287060.84
68483.81,9.42,5.73,4.4,23796,269461.2
69396.09,33.14,4.24,3.3,49852,136752.12
54284.73,28.08,4.88,4.2,31743,207049.89
92986.62,14.49,5.12,4.2,42898,264930.48
72107.49,38.02,5.18,3.6,27839,324218.35
47130.45,27.85,6.78,4.6,25253,292672.5
74848.3,17.4,6.06,4.4,36263,248955.45
50379.77,1.0,4.39,3.2,35192,246980.71
76806.27,38.33,5.75,4.0,42197,154946.18
82378.93,8.88,6.0,4.7,30970,306276.69
52689.77,6.84,6.64,5.5,7455,335527.23
79450.64,28.18,7.08,6.0,28508,356135.95
71191.71,39.52,4.48,3.9,46907,210202.38
77330.9,31.07,4.69,3.4,30539,178419.18
93451.89,24.51,4.24,2.7,31304,188239.99
61319.18,24.76,5.27,3.8,49796,206513.42
53693.96,26.83,5.97,4.7,24320,218081.0
51657.28,26.07,6.49,5.5,11858,301302.64
52762.85,22.25,5.42,3.6,32591,194847.87
63843.47,20.83,5.18,4.3,27737,222682.11
70117.28,19.5,5.65,3.8,20506,226868.25
69150.36,13.97,4.66,3.7,32369,251275.66
77407.75,17.75,7.59,6.0,42373,443484.52
65195.03,6.46,3.89,3.1,34861,152685.31
86803.01,19.21,5.68,4.4,39605,201691.1
61030.15,12.09,7.52,5.5,62201,371531.45
105802.54,11.17,5.51,3.7,29857,288351.78
74385.01,21.44,5.31,3.3,39175,257599.14
52142.64,31.14,5.14,3.4,27362,195381.84
48936.61,27.35,5.32,4.4,22305,220173.22
72237.09,7.44,6.87,5.5,26226,367764.61
61648.06,12.08,3.29,2.2,27819,203134.47
75710.01,27.53,7.03,4.9,40392,245169.61
72098.56,12.14,4.08,3.2,70236,193417.55
63907.57,18.2,5.23,3.3,24259,255412.07
52298.09,24.4,5.07,3.1,28751,186582.39
42277.29,12.25,6.09,3.7,34053,365256.46
58302.28,20.84,3.9,2.6,40937,149575.76
77845.98,9.33,5.96,4.1,38953,305050.45
68211.41,15.19,7.52,4.9,54261,393967.81
46313.92,22.56,4.14,2.9,1000,152067.57
67597.71,7.26,5.69,5.0,1000,216489.6
70779.76,23.52,4.84,4.3,27562,201697.23
51742.14,19.84,5.93,4.1,51460,318454.78
67305.88,24.42,5.52,5.0,11515,234985.04
65873.13,21.79,4.86,3.5,1000,185347.6
47855.45,30.91,5.99,4.3,43568,293307.66
70366.81,21.0,7.3,5.7,38655,334958.35
73411.77,16.56,5.31,3.6,18647,235807.08
81245.77,20.98,6.22,4.6,20217,301404.8
80807.03,24.35,4.21,2.1,20454,218761.09
44334.96,20.39,4.54,3.5,36658,298631.25
50932.62,20.32,5.97,4.8,25605,308900.61
72725.53,14.38,6.98,5.9,42411,392890.02
72706.79,14.7,5.86,3.9,1000,265060.47
72725.72,8.78,5.19,3.2,22147,224786.5
122790.97,34.0,5.5,3.8,18109,248112.81
73563.36,10.05,4.25,2.2,31155,221852.72
82033.48,14.46,6.1,5.2,26929,260474.71
79310.03,14.25,6.38,4.0,46968,312089.16
74770.87,27.16,5.05,2.8,7110,237191.65
60270.96,17.64,5.03,3.2,35682,252282.35
76384.54,29.98,5.77,3.4,43375,275754.42
53407.62,14.61,5.06,4.4,62850,257885.71
61447.72,22.23,5.43,4.2,27774,228160.78
57719.55,13.32,7.6,6.0,39867,354098.17
66228.11,37.16,5.25,3.4,7942,161030.91
99719.88,10.5,5.14,4.2,1000,337491.53
36991.02,22.48,4.85,3.0,47672,214068.26
75293.9,25.07,6.24,4.1,34917,279154.88
40809.26,23.31,5.32,3.5,52678,199676.87
57921.02,18.52,4.85,3.2,14399,341738.47
81334.26,18.96,6.82,5.8,42799,288889.34
65964.2,20.35,6.92,5.8,63032,314217.74
48833.83,18.82,4.9,2.8,41296,242744.03
54270.44,27.71,3.63,1.7,39149,170455.46
75193.97,37.68,6.51,5.0,35128,314395.62
54044.5,15.54,4.82,3.5,11437,299349.75
68246.88,9.04,6.29,5.8,55334,342701.86
65683.58,19.29,3.53,2.6,25837,117954.88
55225.99,40.64,6.39,3.9,42567,248901.24
97159.16,13.57,4.29,3.4,11554,229916.69
74508.79,33.11,6.23,4.6,17308,352124.82
34622.86,33.42,5.51,3.5,56526,168997.71
67796.81,15.57,4.55,3.7,29790,267581.59
55073.2,24.55,5.09,3.5,56799,234942.9
77786.5,33.03,6.19,4.2,33827,303493.4
53112.19,16.97,5.61,4.1,7372,258951.79
63278.95,18.37,6.08,3.2,48381,257602.42
72574.81,15.35,7.48,6.0,26152,397551.44
77986.33,11.88,3.94,1.9,45480,227145.2
46995.55,14.81,7.12,5.7,35378,382767.83
59982.48,10.21,5.6,3.7,11853,278448.72
57875.82,20.27,4.6,2.9,37464,186631.77
55200.06,13.84,4.17,3.0,67943,141806.76
91481.81,21.87,5.31,3.7,42395,286262.36
71074.73,7.55,6.42,5.9,34137,347668.56
46086.74,22.65,5.37,3.6,51130,203636.19
78767.93,26.67,7.01,5.4,38160,303124.72
96832.34,4.05,4.05,2.2,38143,208534.64
80486.98,22.99,5.49,3.5,18626,195099.93
42209.45,29.82,4.25,2.6,38508,136543.94
57736.49,10.32,5.86,4.3,50532,249556.75
84003.67,33.38,6.39,5.3,22459,263531.06
54384.96,23.35,5.08,3.9,56367,199661.94
71657.29,14.36,2.9,1.0,33624,75848.93
76619.51,19.55,5.7,3.5,21683,351897.52
51096.04,24.47,5.94,4.6,49964,318330.59
64107.12,20.61,5.9,4.4,30698,245139.82
20000.0,24.31,6.74,5.7,46393,309705.14
49634.19,12.63,4.43,2.3,30624,230829.31
61211.48,21.35,6.18,4.3,34103,335718.17
46283.25,8.69,6.69,4.2,42403,302625.92
89486.17,19.11,3.72,2.7,39363,222316.71
43547.88,12.77,5.82,4.5,5067,257099.97
58399.33,14.12,5.0,3.4,18181,187462.93
66961.11,29.89,5.42,3.6,48941,265094.29
86619.1,28.73,5.85,4.5,33018,315840.72
43462.07,24.87,5.01,3.9,27144,320161.74
82447.46,11.26,4.82,2.9,14621,196898.97
65153.5,17.47,5.53,3.7,18804,291153.39
50277.37,29.7,4.41,3.4,4673,160386.6
71931.55,21.13,4.41,2.2,33481,234703.17
67985.9,38.55,6.18,4.1,26023,196037.92
55996.75,23.15,4.35,2.8,20501,139605.56
66047.03,21.54,6.17,4.6,33978,257419.77
59220.3,17.53,5.96,4.2,40460,288046.03
66702.76,21.07,3.77,2.7,66398,147580.38
74931.96,18.78,4.82,3.3,12322,253635.22
88790.25,25.66,6.69,6.0,52391,356327.66
46432.77,27.65,4.52,2.6,49597,213507.07
96995.5,13.71,5.04,4.3,23314,320537.13
35718.68,9.35,5.96,3.7,38049,310556.3
62723.22,5.31,6.28,4.9,28136,276503.46
73824.76,24.06,5.25,3.9,37785,294756.22
69214.88,11.17,4.9,3.7,57637,225100.27
55659.51,2.78,6.92,5.6,44084,398087.74
61878.17,23.11,7.24,5.0,42629,401503.46
57604.99,39.94,6.48,6.0,28545,282458.46
56159.53,19.95,5.59,3.4,12739,197638.46
77744.03,26.71,4.69,3.0,31873,170952.88
70355.23,20.65,4.67,3.8,53099,271494.77
54606.36,19.21,6.02,5.1,12092,273534.19
78494.0,27.35,5.92,3.6,19174,269863.19
69609.49,17.68,6.9,5.9,36894,364649.55
77192.93,22.14,6.15,5.2,20230,316278.04
74444.43,22.57,4.0,1.9,23112,190495.36
52565.07,14.66,6.55,4.9,28646,308574.22
56597.28,27.94,4.5,3.5,14516,175148.31
76209.4,18.6,5.12,3.5,20388,277818.38
74155.55,13.95,5.75,4.8,45551,308546.52
64686.48,24.29,7.5,5.4,15389,336852.11
66759.91,12.81,8.61,6.0,11032,469287.07
84164.97,20.23,6.11,4.3,25550,287528.34
56126.43,19.93,5.32,3.6,45979,213355.45
73206.46,28.69,6.03,3.7,32046,239158.68
61967.11,23.8,6.39,4.9,28031,254031.23
61734.78,19.8,5.18,4.3,35665,230557.62
81481.65,26.54,7.3,5.6,8814,386351.21
77381.25,31.12,5.73,3.2,42421,219512.84
77202.64,24.46,6.0,5.0,40752,285737.17
84582.18,20.08,6.17,4.8,28860,270123.69
65315.06,9.51,5.92,4.2,50089,291259.75
75229.29,11.48,6.34,4.9,18088,257964.74
60346.0,17.56,4.88,3.9,51919,223495.07
69862.5,15.12,4.94,2.9,37317,233779.38
63047.85,18.5,4.4,1.7,29952,226504.87
66454.94,20.45,5.94,4.3,34702,288406.57
73927.36,24.24,6.28,5.2,33391,243053.37
52726.69,19.44,5.96,5.2,53304,323532.98
96385.81,23.89,7.17,5.5,18850,350153.44
49909.74,20.52,5.49,3.4,23562,258953.49
46787.17,4.2,6.17,4.4,50545,318767.86
82371.66,12.49,4.41,2.9,26067,202052.22
76874.94,18.85,5.11,3.9,48508,254575.79
74361.8,10.32,6.2,5.2,60492,336513.23
74425.18,24.8,6.35,4.4,28973,223205.28
64816.3,32.25,5.21,3.2,45220,198226.14
51541.18,29.75,5.43,4.7,17695,218953.79
66137.07,18.29,3.98,1.7,46321,197241.44
54842.57,31.93,5.14,3.4,37991,261281.27
79626.8,21.19,6.39,4.2,42096,274368.44
62794.14,17.3,6.08,5.2,25316,270605.04
52617.54,15.09,6.0,5.2,10084,266140.0
60179.21,17.58,5.55,4.1,42549,232575.74
71193.97,16.89,5.51,3.8,4049,249439.61
56544.13,21.36,4.84,2.4,30240,250076.59
52666.69,21.28,6.2,4.3,49118,245930.6
68655.31,20.02,5.92,4.5,37878,297496.93
68674.5,23.5,5.99,5.0,64225,211558.71
57395.85,29.53,4.97,2.9,50377,189450.82
57934.43,27.6,3.35,2.3,25192,118859.9
68480.75,8.12,6.6,4.3,35410,404695.58
43278.73,1.0,5.02,3.7,34289,254478.6
43888.04,27.47,4.64,2.3,11267,103155.5
54223.34,9.06,6.19,4.4,20894,229944.85
61798.29,18.2,5.11,3.7,26589,241555.14
69663.61,10.64,6.56,5.3,4457,352614.22
87130.34,5.58,6.12,4.8,35712,339410.56
77864.89,24.33,6.18,4.5,31264,293703.73
62600.92,26.07,4.13,2.6,9907,220817.05
64714.76,15.39,6.71,5.5,41063,306758.46
49962.06,1.0,5.76,4.3,45738,341421.38
64722.3,15.63,5.13,3.6,38406,183252.7
60670.12,23.13,5.64,5.2,30139,220917.58
69840.78,8.17,3.72,2.0,43872,122908.56
52591.54,21.47,5.91,4.9,45203,261802.86
72790.2,19.88,4.47,3.5,39611,207724.1
87991.08,24.63,4.15,3.5,22631,191322.29
63368.6,20.96,3.98,3.4,39149,182369.57
71025.68,12.22,6.61,5.8,52932,295702.31
75352.16,29.57,4.87,3.7,26051,201992.76
58981.69,18.73,7.03,4.6,66469,278666.41
68361.39,19.78,4.96,3.7,27116,286395.93
65188.89,12.53,3.79,2.2,35486,175524.62
66465.14,16.45,4.38,2.7,24913,189141.66
53404.85,12.92,6.74,5.2,38349,394361.4
65367.65,18.62,5.34,3.9,8867,200779.33
72469.97,33.69,4.95,4.0,26809,159596.74
86767.15,9.02,5.66,3.4,18618,248994.48
79389.06,7.09,6.0,3.6,37030,310710.99
97297.74,31.77,6.62,6.0,49917,318777.47
53489.79,18.33,6.95,6.0,44690,360877.1
78084.81,14.65,5.14,3.8,1000,354121.99
67750.13,28.32,4.17,3.2,65631,88969.99
97847.04,15.16,5.09,3.3,39429,281663.05
52875.53,34.61,5.76,4.6,23353,214710.56
52404.17,25.42,4.54,2.0,37357,171965.58
56009.11,16.1,4.54,2.4,37643,190725.17
33141.56,37.26,5.84,4.2,24997,193763.87
57113.67,15.15,5.45,3.4,37969,330570.79
53613.01,25.94,5.53,3.5,25888,277130.91
67255.91,22.39,4.74,3.5,28935,216284.62
70126.34,30.41,5.27,4.2,24706,280201.22
93142.56,32.49,4.58,3.0,13510,132596.77
79256.36,20.26,6.39,4.5,37188,253265.31
56346.45,13.97,6.54,5.0,43779,232980.33
51523.78,23.68,3.65,2.9,42723,127083.93
72378.79,14.58,4.57,3.5,47299,232279.37
45196.5,36.11,4.0,2.5,39865,149619.15
92471.88,21.09,4.85,3.4,27009,236730.39
82691.6,17.08,5.42,2.9,47595,209797.95
57962.37,21.48,4.05,3.2,14637,210541.48
39302.98,9.22,4.58,2.8,21490,233986.02
85308.09,12.23,4.5,2.3,20537,257316.25
63281.9,29.6,5.71,3.1,51201,174550.91
83567.24,14.74,5.57,4.3,49142,291421.52
41083.59,11.62,4.78,3.0,42310,184709.12
56009.37,24.29,5.68,3.9,51079,241272.38
65078.66,29.49,4.95,3.4,21811,231774.0
65704.71,25.75,5.23,3.8,40229,237292.04
58249.02,27.97,7.17,5.5,33122,289461.19
74342.75,13.95,6.84,6.0,47703,341455.85
48985.69,8.63,4.2,2.4,33272,149531.37
62864.31,32.01,6.33,4.8,29226,320257.86
66804.43,17.42,6.31,4.9,43114,296874.04
72716.58,17.99,4.35,1.8,48143,252971.39
75674.22,30.63,6.32,5.2,24975,258826.26
48130.37,24.45,7.04,5.7,34084,299901.37
41988.29,23.65,4.38,1.9,19123,155519.91
84165.15,37.32,4.58,3.5,1000,214881.32
69984.71,14.85,6.52,5.3,38007,292598.22
53772.7,27.42,5.77,4.3,44134,280058.31
88267.28,20.46,6.05,4.1,38931,276736.79
66735.12,22.15,5.84,4.2,5757,189289.65
82689.46,32.23,5.89,5.0,29737,235047.3
66012.78,24.06,4.17,2.9,1725,133363.0
95911.22,24.31,6.55,5.4,55546,314437.17
91330.11,28.58,6.67,5.2,18709,257973.02
61265.54,17.08,5.27,3.6,53831,290171.48
79573.56,13.29,5.46,3.7,49188,271401.35
74680.64,11.64,3.97,3.4,21491,192611.04
85529.47,4.27,6.01,4.0,18008,345869.79
50526.15,36.45,6.07,4.4,40256,288443.24
75290.77,11.17,5.44,3.2,22335,273558.58
80876.37,18.23,6.62,4.9,36537,291826.35
38618.91,17.79,5.17,3.1,27758,166127.8
47251.12,22.46,6.06,4.3,8283,245873.4
34411.52,26.53,4.48,2.3,1543,156754.25
60958.9,26.88,5.48,3.7,38400,246464.81
75763.13,15.34,5.33,3.9,26577,247192.25
87535.36,18.66,5.73,3.1,26704,305387.63
66111.42,22.26,5.13,3.2,45438,211860.27
89429.23,18.01,5.37,3.6,52602,262212.71
44298.48,32.86,6.33,5.5,30912,314325.05
39449.26,23.93,5.06,4.2,29891,233803.08
64166.78,25.88,3.89,2.2,42502,164011.85
70760.98,25.3,7.25,5.7,14646,310488.21
64509.58,29.39,6.88,5.7,38347,283155.47
33988.37,21.45,4.21,2.6,43278,147990.33
63663.2,9.63,6.19,3.9,45203,292213.73
45432.96,23.2,5.0,3.1,5949,247907.65
75045.09,14.79,5.76,4.8,23580,274592.03
70498.97,15.77,5.79,4.3,21826,227510.45
50901.8,24.69,5.27,4.2,36498,303544.93
57292.0,29.91,4.72,3.4,42211,210206.51
49111.8,20.17,4.81,3.5,57451,164333.47
64059.81,22.47,4.58,3.3,27576,188550.61
79327.13,33.62,4.67,3.8,27536,197160.69
50214.11,21.93,5.43,4.0,52245,316261.46
72560.7,40.81,4.78,3.6,39449,138973.65
57046.14,24.52,6.18,6.0,54015,321611.4
53106.91,5.91,6.99,4.5,39331,413379.13
63394.54,26.03,4.92,2.9,17643,189580.39
49471.37,23.05,5.74,4.4,15003,246112.86
56695.26,30.32,6.0,4.5,11727,216077.15
47031.83,25.39,5.97,5.1,44931,258293.39
94470.88,18.89,5.58,3.2,52829,273173.62
65528.95,10.21,6.24,3.8,62740,344041.62
54504.12,18.33,5.98,4.4,47647,327180.05
68209.7,13.2,4.26,2.3,52443,182508.53
63315.08,15.36,6.37,4.8,26300,230677.68
61685.46,24.71,6.39,5.6,17654,289368.51
74212.5,33.36,4.74,3.4,47751,208897.59
76362.62,23.16,5.54,4.0,41265,267594.16
57042.48,10.43,6.18,4.9,36612,296007.56
56362.73,23.56,5.29,3.9,40811,243400.63
60874.22,29.57,6.57,5.1,39848,352367.64
30471.18,15.12,7.86,6.0,54257,392786.6
42272.13,18.93,4.71,3.2,54425,201034.35
85503.11,20.12,4.12,3.1,43163,175672.11
89674.52,13.72,5.8,4.7,47687,287626.27
61264.46,25.19,6.22,5.4,42711,348825.67
73648.35,19.03,5.27,3.3,28082,242962.58
69668.75,23.36,6.95,6.0,46348,325694.21
111183.21,12.9,4.16,2.1,14083,197740.26
81793.62,16.5,6.19,4.0,50808,350223.52
63081.24,25.78,4.89,3.5,17082,292174.93
50666.89,17.02,7.22,6.0,39287,364087.52
40903.31,33.82,7.49,6.0,22323,324808.52
68051.95,16.8,4.73,3.3,43301,229278.33
53654.74,21.8,4.95,4.0,34491,128100.45
43666.19,27.46,6.36,5.1,11079,307071.7
55301.41,8.65,5.11,2.8,41310,264425.45
48776.78,5.91,5.45,3.6,26331,295302.21
90307.12,7.79,5.53,4.5,48217,264135.29
78224.6,30.1,3.58,2.9,35020,130406.09
64880.41,15.59,5.49,4.1,40931,250254.1
87199.16,40.47,4.81,3.4,20636,228670.74
66160.52,15.49,5.01,3.3,26160,226685.59
52080.74,21.48,6.94,5.7,28120,405971.46
87846.86,32.34,4.24,2.5,47851,195874.5
73083.65,36.05,6.31,3.8,60161,220476.63
49441.31,36.49,5.22,3.3,22922,200050.58
62144.92,29.67,5.22,3.7,51153,199369.88
51865.73,28.19,6.29,4.9,2455,186163.5
44258.0,24.74,5.84,4.5,17087,321487.09
78892.66,26.23,6.07,4.0,20618,304932.21
93641.25,15.59,6.47,5.3,14712,343120.11
44021.49,13.45,5.17,3.6,11246,252472.97
73444.54,19.97,4.89,3.4,41195,175314.31
55240.36,18.64,4.41,3.2,31789,183871.75
57693.12,16.37,4.67,3.9,40691,256029.4
56114.09,25.57,8.45,6.0,45357,350633.66
52040.14,27.64,6.74,5.3,38984,200188.79
65727.82,20.71,4.15,2.4,44866,181152.52
52535.75,31.82,4.18,2.9,33957,158722.74
69056.85,10.87,5.98,3.9,17195,305219.43
64246.43,18.45,6.05,5.0,50867,318963.19
61415.78,14.27,6.05,3.7,26163,320458.65
51386.55,5.07,5.25,4.6,20966,279980.16
56348.43,19.34,5.37,3.7,32331,298009.09
76330.87,19.03,5.83,4.1,21308,217613.19
72513.76,32.11,5.59,4.5,28739,259890.71
50336.67,25.05,3.28,1.6,40161,158120.61
66489.98,11.81,5.27,3.1,40225,214284.02
76270.81,34.83,4.65,4.3,21533,127683.87
39958.92,29.77,5.68,3.9,27684,209142.46
73150.4,24.66,8.49,6.0,51115,375544.35
55060.64,18.19,5.87,4.9,42446,307897.4
73558.98,12.32,5.19,2.9,66126,238773.28
53551.11,17.02,6.42,5.2,52702,274126.97
37926.77,28.71,5.98,5.1,52164,233843.54
40586.86,35.08,5.92,4.5,14182,284190.89
65721.27,32.35,6.11,3.6,46458,265534.54
68895.84,16.09,7.56,6.0,34203,362567.82
51435.25,11.04,4.37,3.4,26735,210073.34
74578.89,21.13,5.97,3.7,37520,334235.53
40077.2,5.85,4.57,2.1,49178,203950.08
64008.8,22.59,6.06,4.6,42512,333679.17
46834.76,18.82,4.58,3.7,21823,216079.88
55222.46,16.27,5.08,2.5,46137,236351.89
65710.98,7.24,5.2,2.9,25436,368053.69
52093.8,24.11,6.48,4.6,38250,252800.82
59231.67,15.74,6.42,5.3,30450,296112.98
80094.39,10.64,4.25,2.8,31717,169335.57
56346.62,1.0,5.55,4.1,46494,335398.54
77535.38,19.78,4.79,3.1,19397,292729.13
48054.4,34.18,4.24,2.0,64178,231349.75
72947.06,33.29,5.28,3.3,7684,269179.44
86623.53,16.34,5.19,4.2,26035,247575.14
27925.33,15.18,7.93,5.7,40553,363794.5
53046.57,23.75,5.93,4.3,43765,202591.25
73656.08,12.01,4.12,2.3,33493,288974.34
61954.32,22.41,4.94,2.7,34139,242691.96
70567.19,26.13,6.52,5.6,41158,279419.59
55940.22,29.82,7.59,6.0,31534,392848.95
66298.85,19.2,3.91,2.7,55898,143872.14
62664.84,18.37,3.62,2.9,47590,184085.92
82516.73,12.98,7.37,5.7,48092,365255.07
68816.31,13.38,5.89,3.1,20508,315953.54
70064.04,18.19,4.63,4.1,33809,217066.21
58821.85,22.94,6.03,4.6,30493,218512.35
57685.91,27.31,2.86,1.0,19916,110915.68
58511.63,13.57,5.5,3.9,40402,311567.94
70916.78,31.94,5.83,4.4,26935,250307.95
58685.23,17.83,6.42,5.6,44831,338644.77
69346.62,19.83,4.49,2.9,18947,165524.6
96131.01,14.02,5.59,4.5,60786,285107.18
78066.87,1.0,4.57,4.2,21555,227323.91
60109.65,27.07,5.76,3.7,38290,285365.54
83018.21,25.89,4.6,2.6,46878,209296.1
58878.87,17.75,5.09,3.6,26440,267006.85
34428.13,20.54,4.5,2.9,47787,242752.94
49878.71,24.13,6.15,4.1,16562,303586.36
36938.12,7.5,6.36,4.7,56782,330607.64
59727.3,15.77,5.27,3.3,35212,213244.74
65276.28,26.35,5.54,4.2,26054,246280.49
90146.56,9.97,4.05,1.9,30512,191410.64
69903.91,22.35,5.2,3.5,47134,227241.23
61713.49,9.15,5.45,3.9,26233,260351.08
77441.08,23.73,8.12,6.0,23760,344988.04
31832.97,19.71,4.39,2.7,31677,114395.96
68534.22,7.08,6.96,5.9,17346,329620.07
76562.98,29.32,6.5,5.3,62308,303142.0
42821.21,14.12,5.78,4.7,26504,222354.97
82156.31,13.52,7.26,6.0,47474,365916.67
70077.45,21.6,5.87,3.3,38142,351244.34
58770.68,29.19,5.89,3.7,20232,296656.43
74491.73,11.87,5.45,3.0,34911,340177.36
99060.39,20.49,6.72,5.8,46760,345230.8
67727.99,23.43,6.6,5.1,32176,353198.8
68723.31,25.54,4.87,4.0,52897,189574.52
58109.59,21.41,4.18,3.0,50323,162906.11
52252.33,17.06,5.3,4.3,48784,141711.88
77455.04,13.38,4.7,2.6,28105,281732.36
52158.74,20.69,5.44,4.1,18802,309586.29
66073.49,11.42,6.74,4.7,25796,314300.71
57835.14,1.0,5.04,3.2,37944,261121.75
72184.7,23.49,5.46,2.8,43187,221693.48
70004.93,27.23,5.56,4.8,2426,259988.44
80563.1,1.1,6.35,4.2,34878,387882.52
57349.75,11.92,3.25,1.2,37371,90042.41
60951.88,24.95,4.89,3.9,30837,232505.3
50318.54,36.46,5.71,3.7,54369,222109.86
58335.6,20.17,6.7,5.0,41327,320840.37
70659.51,14.18,5.01,3.6,54653,267075.82
76354.83,18.54,3.62,2.5,31761,162653.12
51167.52,31.0,6.12,5.0,49062,260100.55
78044.09,14.83,4.86,2.3,59526,234378.13
85334.57,13.61,4.31,2.8,54675,258184.3
71201.52,16.14,4.88,3.0,18618,251479.27
93151.94,12.37,5.32,4.2,31195,280915.4
53393.16,20.98,4.9,3.8,29823,170962.17
46330.18,33.0,3.29,1.3,42339,101716.59
38319.2,22.58,6.4,5.6,45295,326656.1
87440.66,17.98,6.77,5.5,22417,332763.13
74815.48,17.67,6.15,4.6,36018,324672.74
64166.23,7.49,4.36,2.8,4701,293507.22
69199.53,27.06,5.3,3.9,56629,278762.69
48117.66,19.38,5.49,3.8,27314,256812.4
101686.28,18.56,6.1,4.3,35838,281477.51
66938.32,45.54,6.17,4.3,30355,138302.34
66640.92,22.39,4.77,3.8,52190,211987.18
75886.5,13.99,5.58,4.2,1000,260953.88
72215.14,16.59,5.96,3.9,34751,305440.02
68358.26,29.19,6.96,5.0,33413,307108.53
53142.88,20.91,6.2,5.4,28195,274360.01
72072.03,8.49,6.29,4.6,60893,254000.27
93230.37,27.35,5.58,5.1,21690,217023.07
85181.3,14.65,6.91,5.4,46577,365491.39
88897.8,34.99,5.91,3.5,40344,324855.4
57331.76,28.64,4.64,3.6,53923,193355.63
50155.93,16.42,6.9,5.8,24992,342984.09
63113.2,30.25,6.2,4.3,24005,308832.53
65835.87,20.54,5.06,4.3,51441,204221.22
81412.87,26.82,5.02,3.8,41380,240615.38
39613.03,23.88,5.8,4.0,11826,225519.95
87943.25,13.23,5.96,4.8,26910,335367.94
62629.88,14.85,5.7,4.3,40796,284086.07
58596.78,28.24,5.81,3.9,47566,268359.81
49818.43,17.32,7.2,5.5,24812,311477.01
40177.15,16.77,6.57,4.9,1000,335469.97
77347.56,12.36,5.69,4.4,42848,370691.36
66099.77,23.39,6.44,4.8,16695,256470.93
45650.59,36.5,4.47,3.0,4740,150952.21
45573.82,11.46,5.9,4.2,1000,295013.32
59963.23,20.19,7.31,6.0,47210,379243.99
90035.32,31.3,5.28,3.9,36929,209823.85
61106.13,19.36,4.65,3.6,31615,102064.71
42452.86,23.62,4.85,3.4,55835,267844.58
61313.85,11.5,4.41,3.3,44560,250787.03
60909.15,23.43,4.72,3.8,59245,143388.28
24546.7,18.5,5.13,3.5,14109,203941.06
64185.58,27.89,4.09,2.5,34482,234381.11
61535.98,29.5,5.52,3.6,10749,294230.32
75443.1,40.72,6.4,5.1,31559,302015.3
92734.34,24.64,4.59,2.9,31271,204240.94
81898.48,22.61,7.02,5.2,44399,338080.41
60966.67,21.56,6.01,4.3,35683,274050.77
48402.11,17.17,6.53,5.4,44351,356265.03
103600.4,22.71,4.84,3.3,45552,197294.11
65888.28,17.64,6.35,4.7,67324,276719.57
65208.94,21.35,4.41,2.9,30271,240708.65
64638.12,30.54,6.39,5.9,20885,278136.26
67971.27,11.95,5.67,4.1,38691,339095.85
62834.59,29.12,6.05,3.4,22966,238710.97
56395.07,30.54,4.32,3.0,57229,175596.76
56797.12,19.06,4.6,3.5,30752,175353.39
64508.7,3.03,6.1,4.4,26516,321109.84
56848.63,15.14,4.55,2.9,27930,158013.49
54307.31,30.38,5.96,3.9,45776,238772.89
66596.45,19.82,4.13,3.3,32634,132801.16
61175.34,12.01,6.35,4.5,25375,342044.58
87559.89,15.96,4.27,2.5,59980,242379.8
25235.45,26.72,6.05,4.6,22157,189740.95
81372.6,24.37,6.13,4.5,35533,338854.37
83691.28,18.09,4.8,2.8,44785,333466.77
33899.15,17.07,6.08,4.1,10530,283033.52
59859.69,16.87,5.76,4.8,42204,250823.97
59428.39,12.62,4.96,3.1,19173,355535.55
43887.32,32.92,4.49,3.0,47342,123867.89
53332.75,17.42,3.54,2.0,20560,160885.95
48341.36,29.74,5.85,4.3,45392,259234.42
91284.06,32.17,3.94,2.5,51587,218768.68
79035.18,27.99,5.6,3.5,47922,266686.5
84073.33,16.55,5.24,3.8,38770,237887.13
75825.08,23.23,6.18,5.2,31530,250350.66
48064.22,19.81,5.2,3.9,26354,223666.62
57132.2,12.77,5.17,3.6,57066,215555.96
72340.62,22.59,6.23,4.1,24508,292469.74
46668.08,10.57,5.84,4.0,19444,263994.52
75694.98,29.5,5.82,4.7,44981,199249.96
61395.12,16.28,5.97,3.2,23058,336827.42
59377.69,21.61,3.96,2.3,20749,154984.15
75664.4,22.27,6.26,4.1,13346,241615.27
71663.95,17.93,6.11,4.7,27756,287310.37
59585.51,24.69,4.48,2.7,33759,198765.19
82389.95,16.2,5.26,3.3,38646,189117.39
48784.05,26.97,5.46,3.4,49270,251921.96
74239.03,9.23,5.37,3.3,42903,234486.59
73896.52,21.01,5.83,3.9,32137,343494.72
60356.8,35.51,6.93,5.6,32027,317813.64
69892.0,12.0,6.58,5.4,42652,314330.47
46233.3,14.58,4.19,2.5,54089,169705.09
78860.41,24.11,6.12,4.2,36895,281029.86
62226.47,21.44,6.83,5.4,27963,344549.23
57159.15,22.81,5.89,3.9,20107,266869.03
80735.14,23.91,6.59,4.4,13322,298588.41
54434.84,25.08,7.51,6.0,44994,348622.65
43873.08,28.88,6.52,5.4,43670,261804.81
41650.56,23.28,5.75,4.3,43660,244041.31
74090.15,18.07,6.55,4.9,33070,233216.9
45793.56,25.38,5.64,4.4,56104,289780.73
91321.91,35.2,5.52,3.3,27738,247919.35
33771.06,18.94,5.15,3.4,49329,203677.42
90446.85,12.2,7.06,5.5,34419,435288.48
68165.26,28.86,4.68,3.9,25875,202882.99
63549.3,19.04,7.03,6.0,43888,295552.33
56826.21,2.62,6.0,4.4,41145,350187.73
70987.04,26.78,4.1,3.7,40355,192729.44
64435.48,15.72,5.87,3.9,36219,300683.48
81549.53,19.28,3.4,2.0,34432,142325.0
66713.41,22.66,6.13,3.0,70826,306080.13
67254.53,21.52,6.39,3.7,52764,291195.99
59545.82,25.68,4.91,3.5,45842,238716.62
64145.82,16.52,5.62,4.2,36677,194858.83
69617.03,24.1,7.45,5.5,50107,333039.08
39347.47,17.92,4.99,2.6,42770,298832.85
44777.22,25.91,4.44,3.8,35393,156523.43
76148.96,24.92,6.98,6.0,30447,300973.1
67562.98,12.52,7.46,6.0,33786,353825.44
62240.25,28.69,5.5,3.7,1000,187988.9
65276.51,15.71,6.51,4.8,38159,229216.19
70213.73,26.46,6.84,4.8,27673,303752.82
56903.6,22.94,4.76,3.9,58890,220393.65
53325.43,34.71,5.01,4.7,35290,198750.21
67937.68,18.21,6.73,4.8,17166,316421.9
50324.41,17.21,7.19,6.0,34252,345083.92
71123.79,19.84,6.06,5.6,19308,327636.37
39461.25,17.57,4.62,3.0,42101,204290.8
80437.33,26.4,7.49,5.6,39364,326658.3
72088.96,7.07,4.97,3.5,49368,249630.85
68840.45,11.57,5.16,3.9,23137,281241.71
79740.36,11.46,5.84,4.4,35510,353155.94
89982.12,27.6,7.05,5.7,14525,300824.45
80215.55,33.68,6.35,5.5,45522,282903.24
37386.89,19.16,5.91,4.8,42783,286443.13
45806.35,18.65,5.96,4.2,42437,239148.06
55627.72,20.56,5.54,3.9,35024,257062.33
65391.37,29.3,6.06,4.5,41222,209429.54
72764.89,12.58,2.97,2.0,59065,80333.61
54113.84,21.91,5.2,3.8,30724,250332.09
67801.5,27.8,5.74,5.3,37080,240156.36
53669.26,24.01,4.35,2.8,18708,195494.59
55827.23,21.52,5.89,3.7,21976,269512.84
43900.08,28.01,5.3,4.5,36467,186520.44
51151.5,1.0,7.26,6.0,51559,379464.96
44724.73,25.42,7.07,5.4,31156,270013.93
50361.9,14.77,5.03,2.9,31461,296068.52
80804.63,5.35,5.35,4.1,28897,229640.49
50759.02,24.09,5.43,4.3,26979,233217.54
104485.73,30.99,5.05,4.5,39425,184035.8
72399.77,18.9,5.7,4.1,12541,292741.32
67772.54,27.62,4.74,2.2,54214,194335.82
52124.63,32.9,4.37,2.7,25019,150065.37
75504.65,30.52,6.12,4.6,45829,306459.24
56365.43,33.12,6.13,4.5,15950,259918.9
66830.15,25.94,4.7,3.2,45033,228128.25
103401.27,20.6,6.4,5.3,45079,274836.09
63559.1,7.18,4.87,3.0,40763,196003.92
82239.1,18.03,5.75,4.1,20084,282563.67
54452.35,13.25,6.32,4.8,38743,296965.32
64475.17,37.37,5.47,4.5,17254,244709.64
91562.01,18.59,5.95,3.8,31209,287944.34
55595.49,20.99,4.98,3.2,50441,237133.02
92186.73,24.41,5.3,4.1,46951,183768.68
75616.28,20.35,5.29,3.3,35228,325754.53
56563.0,33.56,4.75,3.5,20378,182987.28
74486.12,15.02,5.32,4.2,44684,290841.38
79588.32,21.56,3.95,2.8,35291,148417.27
74327.15,14.06,5.01,4.4,1000,257040.38
41446.63,9.44,5.22,3.5,46739,206870.73
54092.94,15.11,5.24,4.7,34637,269753.56
61287.22,19.7,5.26,4.4,53037,232968.6
63883.5,16.57,5.44,5.0,18571,260970.39
74310.08,14.46,5.98,4.5,1000,320362.8
67665.52,8.75,6.37,4.9,39186,276143.6
44969.83,19.34,4.85,3.5,39373,193890.05
70702.97,7.96,4.3,3.3,9640,239383.34
74158.79,26.08,4.46,3.5,20323,278945.63
73396.86,20.66,5.01,3.3,76328,233449.41
81211.71,8.34,5.15,3.9,30416,291775.3
77508.83,17.53,4.73,3.1,45964,225017.77
71887.7,13.98,4.2,3.1,25240,284008.81
63947.51,22.55,5.04,3.5,3645,156747.1
40085.59,30.72,5.68,3.5,32446,241679.25
71444.27,5.0,6.1,4.3,31016,254267.35
68115.32,20.92,4.94,3.6,29002,128360.34
69073.68,18.72,5.09,3.5,33280,252860.86
45848.77,25.37,4.57,3.2,38964,201154.59
48784.15,21.71,5.47,4.0,32748,236533.49
80797.29,13.98,4.65,3.3,16040,226205.49
64406.67,17.45,6.07,4.7,42293,416244.51
75222.51,13.63,3.71,2.1,5759,171258.78
65424.78,28.61,5.14,4.1,4245,240259.27
65446.34,20.17,5.8,4.8,46088,247982.46
79074.26,35.21,5.68,4.9,42605,253564.79
57259.33,19.51,8.19,6.0,34139,381684.61
66441.81,14.33,5.85,5.0,14068,268743.14
58065.87,7.89,4.5,2.9,24381,301630.54
58482.56,5.57,5.4,4.4,31059,326815.07
60362.42,7.33,3.72,2.0,11062,196218.61
68332.01,22.14,5.42,3.9,23915,157418.57
57818.77,24.07,4.67,4.2,44785,192591.35
83836.34,7.35,6.42,4.6,56410,444981.53
51580.89,27.16,4.95,3.0,28708,202321.02
62196.93,16.14,5.38,4.4,46347,304313.19
58404.03,21.17,4.86,3.2,6289,276701.24
86704.67,32.9,7.24,6.0,44892,335406.17
67948.32,27.17,5.18,3.6,22941,193594.14
80477.67,17.85,7.33,6.0,39610,261616.17
42716.59,12.87,6.31,5.7,31284,333276.54
69005.75,2.79,5.98,4.7,54806,287124.49
78344.46,14.25,5.87,4.4,21883,297680.81
66234.26,18.31,5.89,4.6,44414,232386.82
80982.21,12.1,3.57,2.7,30807,171177.14
57240.67,18.95,5.22,3.9,32625,244939.45
86140.21,20.61,6.35,4.7,32242,315838.29
99483.47,18.2,5.45,4.0,22315,223636.48
59557.42,14.8,4.09,2.5,34789,244363.06
58317.46,21.35,5.45,4.3,34060,226706.78
86800.77,23.54,7.2,5.1,38619,276057.54
88693.58,11.28,6.75,5.8,36268,340664.87
57157.1,31.29,5.44,3.7,46970,232544.02
58697.2,19.21,6.45,4.4,48853,313067.87
60773.23,20.15,5.13,3.4,19241,291014.39
44833.24,25.67,3.8,2.4,48032,147270.17
51220.22,21.87,4.58,3.3,17205,197347.02
49937.89,27.63,7.06,5.0,43818,273130.03
53483.04,22.3,5.23,4.4,44296,270003.02
64479.73,15.1,5.26,4.2,6330,259979.1
68513.22,22.89,5.2,3.9,36395,221616.36
88257.51,10.85,7.4,5.3,27973,301593.97
50024.69,20.87,7.13,5.4,23619,389706.74
79764.84,19.73,7.72,6.0,55263,326819.22
61790.17,18.34,5.34,4.0,25195,227783.02
64258.04,18.97,5.8,4.6,22904,287739.45
75122.29,4.95,3.98,2.8,36135,167565.37
48159.17,15.61,6.98,5.0,45284,276862.06
70736.15,20.74,4.33,3.5,32875,114675.97
67496.78,21.28,5.72,3.4,52496,297619.54
72386.77,11.78,4.4,2.5,42965,200782.72
69337.53,30.13,4.91,2.9,2327,323430.08
101829.5,13.07,4.66,3.4,27058,200476.12
55433.9,27.76,4.89,3.5,26572,171524.29
57035.05,23.42,4.96,4.2,42190,199922.59
55652.89,14.83,4.95,3.7,1000,244447.45
56667.84,34.2,6.33,4.6,73235,253777.46
55439.19,10.45,4.4,2.2,42965,244276.64
82835.25,27.35,5.72,4.8,37233,220750.96
86307.56,28.0,6.72,5.4,52724,255789.59
56438.81,14.64,4.99,3.6,70155,172088.64
52514.67,31.14,4.78,4.0,48061,108442.16
72071.23,18.0,5.27,3.5,49232,233296.34
56716.65,22.31,6.68,5.5,36960,298038.98
74493.98,22.08,5.69,4.3,32877,240918.66
68043.85,18.93,4.97,3.7,27863,283523.92
42263.84,26.49,5.98,4.9,22608,310282.09
88212.58,26.35,4.4,2.9,24695,182730.71
91938.17,6.01,6.18,4.8,14742,254343.26
55808.17,30.43,5.91,4.6,33862,232021.36
59184.48,6.7,5.19,4.1,9730,240944.93
69287.98,28.26,4.66,3.0,37864,174837.34
70016.85,29.01,4.61,2.3,34455,169180.48
74878.16,11.27,6.03,4.5,37204,279241.67
95153.07,16.71,6.73,4.7,27168,318823.11
62345.79,11.15,4.86,4.1,81153,222223.27
53025.54,18.28,5.96,4.4,55402,291138.81
44310.21,17.54,3.41,2.5,16332,164918.2
54036.05,26.24,4.92,4.2,38493,176928.86
64503.1,30.48,5.47,4.3,25880,285263.65
91918.37,31.17,4.59,2.5,19783,157536.19
57235.83,15.5,4.56,2.6,14899,151117.99
68356.82,18.33,4.83,3.2,41483,244845.07
64753.66,6.53,5.79,5.1,24779,265752.35
82825.9,13.55,5.31,3.9,49517,281178.64
102903.99,27.72,3.26,1.6,49907,47365.94
57036.97,32.92,3.38,1.8,55609,181485.87
57658.41,10.13,4.89,4.3,22214,270817.0
80662.41,15.26,5.96,4.9,42130,235756.47
75228.37,19.79,2.75,1.3,44487,65913.36
92700.61,22.24,5.0,3.2,27887,303020.46
73758.92,13.52,4.97,4.6,23423,216616.09
59610.62,23.39,6.89,5.5,59143,288061.98
73859.82,16.21,5.11,3.5,38412,158687.45
81630.55,19.88,5.88,4.0,44540,269292.68
77307.23,24.37,5.64,3.8,22669,249672.58
72609.11,20.05,3.37,1.6,16711,180442.45
81000.12,16.51,6.27,5.2,26458,251375.26
82539.43,19.12,5.72,5.2,33140,214787.91
85732.38,19.29,6.01,4.7,19037,307489.13
74730.65,17.04,9.43,6.0,34852,503405.69
62493.23,17.93,3.42,1.2,9672,91804.21
67200.71,32.79,7.22,5.4,18199,360897.18
83097.63,24.49,5.21,3.5,45064,242590.24
52745.96,17.64,5.79,4.1,44057,317995.82
70530.1,25.58,5.45,4.2,29122,242835.52
59099.92,17.33,5.08,3.6,19734,137941.51
65431.17,29.38,4.93,2.6,19589,203247.91
84176.78,22.96,5.83,4.8,29401,316160.05
67866.49,19.14,3.98,1.7,44668,149935.03
65696.55,23.58,6.25,4.9,48924,274448.22
44602.16,7.43,5.08,2.9,27552,248414.81
76193.8,10.99,4.37,3.6,17698,105172.16
74682.26,10.45,5.05,3.3,39018,324762.5
97448.82,21.14,6.76,5.6,22647,291014.69
60383.33,33.86,4.96,4.2,27226,221580.04
68287.25,37.85,5.86,4.2,54879,239727.92
68740.76,25.1,4.77,2.8,47407,263911.03
88661.8,24.01,6.26,5.2,37370,311460.33
63570.57,5.59,6.19,5.4,15921,309358.63
69185.32,15.66,7.35,5.9,38171,324945.31
74118.45,13.7,5.32,3.9,50940,298069.89
67799.14,15.03,6.17,4.4,29365,226704.94
58303.5,18.65,5.6,3.6,55267,291447.01
67911.35,16.22,6.8,5.3,54391,289197.77
81104.48,4.17,4.78,2.4,59956,311145.47
49602.27,25.98,6.25,4.6,39579,285574.23
66994.55,11.42,5.31,4.0,43811,292673.43
54498.19,21.91,5.44,4.7,56213,253212.93
82925.7,36.59,5.59,4.2,41711,165356.02
42152.2,12.64,5.75,4.4,27481,243286.81
56616.17,1.0,5.38,3.4,28272,313896.16
70658.18,17.71,5.71,4.0,38578,282033.25
88482.86,28.81,7.08,6.0,15642,371639.16
64013.75,35.67,6.49,4.9,32851,291559.14
56672.01,10.16,6.37,4.5,51448,281608.87
93217.36,23.97,5.04,2.8,2131,200611.6
43279.79,16.28,4.61,2.7,58017,220885.28
32017.91,19.15,6.46,4.6,51836,206687.37
71600.22,41.15,6.38,4.8,28104,327720.94
57469.19,7.98,6.97,5.3,43151,371906.77
49681.51,22.03,4.9,2.8,35047,268231.69
75625.35,23.74,5.27,4.4,53450,180847.91
68657.01,28.69,3.86,2.5,49740,211006.95
56538.82,20.78,5.11,4.0,13999,321430.21
45795.43,22.46,6.5,4.8,43809,245184.11
78086.86,16.87,5.03,2.9,31916,275415.3
74753.02,22.15,6.14,4.9,36242,288812.51
63512.36,17.25,5.31,5.0,24077,190650.02
92699.55,24.97,5.82,4.5,61222,294905.13
48948.73,17.04,4.35,2.4,50601,236618.04
42117.12,23.02,5.59,3.8,23903,224207.28
54621.38,19.77,2.51,1.0,14981,150432.57
64316.21,29.01,5.31,4.0,29215,163184.21
68650.09,19.59,3.87,3.0,41518,119255.17
61381.46,5.82,6.71,4.9,38603,351406.89
70280.83,30.1,6.28,5.2,53797,281158.98
46226.91,12.75,5.97,3.4,46849,262715.28
86656.47,14.77,7.02,5.2,49544,384845.64
63767.73,15.23,4.55,3.3,39903,241441.13
81759.44,31.0,7.25,6.0,14161,360646.6
70140.88,2.91,6.43,5.0,32065,335103.62
71851.3,45.1,5.26,3.9,50901,223716.99
73546.51,28.45,6.64,4.6,34227,282544.75
71715.63,21.79,4.39,2.8,42546,284035.57
74640.84,19.56,4.68,3.5,30219,187564.9
84937.29,22.28,4.89,2.4,19553,311650.01
67947.82,24.17,4.97,3.4,33150,225308.0
75635.06,25.16,4.44,2.6,39636,143482.32
63653.96,24.44,6.72,5.5,25165,363600.31
86601.76,20.72,5.24,3.6,31464,254787.01
54854.12,18.42,5.85,4.2,20908,308374.67
92014.11,18.79,4.93,4.4,51789,290640.14
64397.63,18.44,3.68,1.2,30583,182984.2
43538.37,29.07,5.77,3.6,56791,225413.56
66921.57,24.75,3.59,2.3,57931,194788.47
54784.23,1.0,5.43,4.5,33784,289412.22
77609.65,25.25,4.13,2.5,19873,208794.37
55210.64,21.56,7.49,5.9,3712,262033.14
58307.25,19.85,6.41,4.7,12919,317530.86
36656.89,16.89,5.61,4.0,14392,233396.87
58215.41,28.99,6.76,5.0,55677,369364.24
28641.81,27.58,4.65,2.4,36737,214713.55
41241.46,13.82,6.04,4.3,40844,300591.17
76406.22,23.26,5.7,4.7,1694,281021.32
76787.0,12.23,5.76,3.6,17031,248549.03
71381.86,8.96,6.77,4.5,48306,411867.01
50495.36,14.99,6.23,3.2,39302,380385.67
64284.33,26.9,5.79,4.9,32792,273918.92
64945.96,27.63,3.85,2.2,43473,224452.82
47624.53,24.1,4.54,4.1,59537,176263.45
87550.97,25.8,5.38,3.6,31684,214812.21
78160.43,24.13,5.59,4.4,36041,260098.94
61685.54,14.87,4.37,1.9,37889,228445.72
65403.29,23.46,7.91,6.0,70882,359622.76
68125.74,26.4,7.02,6.0,3510,340312.57
34373.98,26.03,6.1,4.8,45248,280129.86
61292.34,29.51,5.57,5.1,33278,201362.46
54770.24,25.67,5.29,3.4,43502,254589.64
49975.7,22.81,4.55,4.1,25139,233828.69
60783.5,28.56,5.58,4.1,34266,250272.0
91965.3,19.79,5.76,5.3,45671,326574.6
74612.64,12.95,4.26,2.9,81694,168878.97
56432.32,18.7,5.83,3.5,47121,294677.66
73588.74,14.04,5.34,3.7,22279,216648.79
